-- monewping 스키마 사용
SET search_path TO monewping;

-- 더미 사용자 데이터
INSERT INTO
    users (
        id,
        email,
        nickname,
        password,
        created_at,
        updated_at,
        is_deleted
    )
VALUES (
        '550e8400-e29b-41d4-a716-446655440001',
        'user1@example.com',
        '김철수',
        'password123',
        NOW(),
        NOW(),
        false
    ),
    (
        '550e8400-e29b-41d4-a716-446655440002',
        'user2@example.com',
        '이영희',
        'password123',
        NOW(),
        NOW(),
        false
    ),
    (
        '550e8400-e29b-41d4-a716-446655440003',
        'user3@example.com',
        '박민수',
        'password123',
        NOW(),
        NOW(),
        false
    ),
    (
        '550e8400-e29b-41d4-a716-446655440004',
        'user4@example.com',
        '최지영',
        'password123',
        NOW(),
        NOW(),
        false
    ),
    (
        '550e8400-e29b-41d4-a716-446655440005',
        'user5@example.com',
        '정현우',
        'password123',
        NOW(),
        NOW(),
        false
    );

-- 더미 관심사 데이터
INSERT INTO
    interests (
        id,
        name,
        subscriber_count,
        created_at,
        updated_at
    )
VALUES (
        '660e8400-e29b-41d4-a716-446655440001',
        'IT/기술',
        150,
        NOW(),
        NOW()
    ),
    (
        '660e8400-e29b-41d4-a716-446655440002',
        '경제/금융',
        200,
        NOW(),
        NOW()
    ),
    (
        '660e8400-e29b-41d4-a716-446655440003',
        '정치/사회',
        180,
        NOW(),
        NOW()
    ),
    (
        '660e8400-e29b-41d4-a716-446655440004',
        '스포츠',
        120,
        NOW(),
        NOW()
    ),
    (
        '660e8400-e29b-41d4-a716-446655440005',
        '엔터테인먼트',
        100,
        NOW(),
        NOW()
    ),
    (
        '660e8400-e29b-41d4-a716-446655440006',
        '건강/의료',
        80,
        NOW(),
        NOW()
    ),
    (
        '660e8400-e29b-41d4-a716-446655440007',
        '교육',
        90,
        NOW(),
        NOW()
    ),
    (
        '660e8400-e29b-41d4-a716-446655440008',
        '환경',
        70,
        NOW(),
        NOW()
    );

-- 더미 키워드 데이터
INSERT INTO
    keywords (
        id,
        name,
        created_at,
        interest_id
    )
VALUES (
        '770e8400-e29b-41d4-a716-446655440001',
        '인공지능',
        NOW(),
        '660e8400-e29b-41d4-a716-446655440001'
    ),
    (
        '770e8400-e29b-41d4-a716-446655440002',
        '블록체인',
        NOW(),
        '660e8400-e29b-41d4-a716-446655440001'
    ),
    (
        '770e8400-e29b-41d4-a716-446655440003',
        '클라우드',
        NOW(),
        '660e8400-e29b-41d4-a716-446655440001'
    ),
    (
        '770e8400-e29b-41d4-a716-446655440004',
        '주식',
        NOW(),
        '660e8400-e29b-41d4-a716-446655440002'
    ),
    (
        '770e8400-e29b-41d4-a716-446655440005',
        '부동산',
        NOW(),
        '660e8400-e29b-41d4-a716-446655440002'
    ),
    (
        '770e8400-e29b-41d4-a716-446655440006',
        '암호화폐',
        NOW(),
        '660e8400-e29b-41d4-a716-446655440002'
    ),
    (
        '770e8400-e29b-41d4-a716-446655440007',
        '정책',
        NOW(),
        '660e8400-e29b-41d4-a716-446655440003'
    ),
    (
        '770e8400-e29b-41d4-a716-446655440008',
        '선거',
        NOW(),
        '660e8400-e29b-41d4-a716-446655440003'
    ),
    (
        '770e8400-e29b-41d4-a716-446655440009',
        '축구',
        NOW(),
        '660e8400-e29b-41d4-a716-446655440004'
    ),
    (
        '770e8400-e29b-41d4-a716-446655440010',
        '야구',
        NOW(),
        '660e8400-e29b-41d4-a716-446655440004'
    ),
    (
        '770e8400-e29b-41d4-a716-446655440011',
        '영화',
        NOW(),
        '660e8400-e29b-41d4-a716-446655440005'
    ),
    (
        '770e8400-e29b-41d4-a716-446655440012',
        '음악',
        NOW(),
        '660e8400-e29b-41d4-a716-446655440005'
    ),
    (
        '770e8400-e29b-41d4-a716-446655440013',
        '의료기술',
        NOW(),
        '660e8400-e29b-41d4-a716-446655440006'
    ),
    (
        '770e8400-e29b-41d4-a716-446655440014',
        '대학교육',
        NOW(),
        '660e8400-e29b-41d4-a716-446655440007'
    ),
    (
        '770e8400-e29b-41d4-a716-446655440015',
        '기후변화',
        NOW(),
        '660e8400-e29b-41d4-a716-446655440008'
    );

-- 더미 관심사 구독 데이터
INSERT INTO
    interest_subscriptions (
        id,
        created_at,
        interest_id,
        user_id
    )
VALUES (
        '880e8400-e29b-41d4-a716-446655440001',
        NOW(),
        '660e8400-e29b-41d4-a716-446655440001',
        '550e8400-e29b-41d4-a716-446655440001'
    ),
    (
        '880e8400-e29b-41d4-a716-446655440002',
        NOW(),
        '660e8400-e29b-41d4-a716-446655440002',
        '550e8400-e29b-41d4-a716-446655440001'
    ),
    (
        '880e8400-e29b-41d4-a716-446655440003',
        NOW(),
        '660e8400-e29b-41d4-a716-446655440003',
        '550e8400-e29b-41d4-a716-446655440002'
    ),
    (
        '880e8400-e29b-41d4-a716-446655440004',
        NOW(),
        '660e8400-e29b-41d4-a716-446655440004',
        '550e8400-e29b-41d4-a716-446655440002'
    ),
    (
        '880e8400-e29b-41d4-a716-446655440005',
        NOW(),
        '660e8400-e29b-41d4-a716-446655440005',
        '550e8400-e29b-41d4-a716-446655440003'
    ),
    (
        '880e8400-e29b-41d4-a716-446655440006',
        NOW(),
        '660e8400-e29b-41d4-a716-446655440006',
        '550e8400-e29b-41d4-a716-446655440003'
    ),
    (
        '880e8400-e29b-41d4-a716-446655440007',
        NOW(),
        '660e8400-e29b-41d4-a716-446655440007',
        '550e8400-e29b-41d4-a716-446655440004'
    ),
    (
        '880e8400-e29b-41d4-a716-446655440008',
        NOW(),
        '660e8400-e29b-41d4-a716-446655440008',
        '550e8400-e29b-41d4-a716-446655440004'
    );

-- 더미 기사 데이터
INSERT INTO
    articles (
        id,
        source,
        original_link,
        title,
        summary,
        published_at,
        comment_count,
        view_count,
        is_deleted,
        created_at,
        interest_id
    )
VALUES (
        '990e8400-e29b-41d4-a716-446655440001',
        'chosun',
        'https://www.chosun.com/tech/ai-news-1',
        'AI 기술의 혁신적 발전, 새로운 시대 열다',
        '인공지능 기술이 다양한 분야에서 혁신적인 발전을 이루고 있으며, 이는 우리 사회에 큰 변화를 가져올 것으로 예상됩니다.',
        '2024-01-15 10:00:00',
        25,
        1200,
        false,
        NOW(),
        '660e8400-e29b-41d4-a716-446655440001'
    ),
    (
        '990e8400-e29b-41d4-a716-446655440002',
        'hankyung',
        'https://www.hankyung.com/economy/stock-news-1',
        '주식시장 급등락, 투자자들 주목',
        '최근 주식시장의 급등락으로 인해 많은 투자자들이 관심을 보이고 있으며, 전문가들은 신중한 투자를 권고하고 있습니다.',
        '2024-01-16 10:00:00',
        18,
        800,
        false,
        NOW(),
        '660e8400-e29b-41d4-a716-446655440002'
    ),
    (
        '990e8400-e29b-41d4-a716-446655440003',
        'chosun',
        'https://www.chosun.com/politics/policy-news-1',
        '새로운 정책 발표, 국민 반응 엇갈려',
        '정부가 새로운 정책을 발표했으나 국민들의 반응이 엇갈리고 있어 향후 정책 방향에 대한 논란이 예상됩니다.',
        '2024-01-17 10:00:00',
        32,
        1500,
        false,
        NOW(),
        '660e8400-e29b-41d4-a716-446655440003'
    ),
    (
        '990e8400-e29b-41d4-a716-446655440004',
        'hankyung',
        'https://www.hankyung.com/sports/soccer-news-1',
        '축구 국가대표팀, 월드컵 예선 승리',
        '축구 국가대표팀이 월드컵 예선에서 승리를 거두어 팬들의 기대감이 높아지고 있습니다.',
        '2024-01-18 10:00:00',
        45,
        2200,
        false,
        NOW(),
        '660e8400-e29b-41d4-a716-446655440004'
    ),
    (
        '990e8400-e29b-41d4-a716-446655440005',
        'chosun',
        'https://www.chosun.com/entertainment/movie-news-1',
        '새로운 영화 개봉, 관객들 호평',
        '새로운 영화가 개봉되어 관객들로부터 호평을 받고 있으며, 박스오피스 순위 상위권을 기록하고 있습니다.',
        '2024-01-19 10:00:00',
        28,
        1800,
        false,
        NOW(),
        '660e8400-e29b-41d4-a716-446655440005'
    ),
    (
        '990e8400-e29b-41d4-a716-446655440006',
        'hankyung',
        'https://www.hankyung.com/health/medical-news-1',
        '의료기술 발전, 새로운 치료법 개발',
        '최신 의료기술의 발전으로 새로운 치료법이 개발되어 많은 환자들에게 희망을 주고 있습니다.',
        '2024-01-20 10:00:00',
        15,
        900,
        false,
        NOW(),
        '660e8400-e29b-41d4-a716-446655440006'
    ),
    (
        '990e8400-e29b-41d4-a716-446655440007',
        'chosun',
        'https://www.chosun.com/education/university-news-1',
        '대학교육 혁신, 새로운 교육과정 도입',
        '대학교육의 혁신을 위해 새로운 교육과정이 도입되어 학생들의 학습 효과가 향상될 것으로 기대됩니다.',
        '2024-01-21 10:00:00',
        22,
        1100,
        false,
        NOW(),
        '660e8400-e29b-41d4-a716-446655440007'
    ),
    (
        '990e8400-e29b-41d4-a716-446655440008',
        'hankyung',
        'https://www.hankyung.com/environment/climate-news-1',
        '기후변화 대응, 글로벌 협력 강화',
        '기후변화 대응을 위한 글로벌 협력이 강화되고 있으며, 각국이 적극적인 대응책을 마련하고 있습니다.',
        '2024-01-22 10:00:00',
        35,
        1600,
        false,
        NOW(),
        '660e8400-e29b-41d4-a716-446655440008'
    ),
    (
        '990e8400-e29b-41d4-a716-446655440009',
        'chosun',
        'https://www.chosun.com/tech/blockchain-news-1',
        '블록체인 기술, 금융권 혁신 주도',
        '블록체인 기술이 금융권에서 혁신을 주도하고 있으며, 다양한 서비스에 적용되고 있습니다.',
        '2024-01-23 10:00:00',
        20,
        950,
        false,
        NOW(),
        '660e8400-e29b-41d4-a716-446655440001'
    ),
    (
        '990e8400-e29b-41d4-a716-446655440010',
        'hankyung',
        'https://www.hankyung.com/economy/realestate-news-1',
        '부동산 시장 변화, 투자자들 관심 집중',
        '부동산 시장의 변화로 인해 많은 투자자들이 관심을 보이고 있으며, 시장 전망에 대한 분석이 활발히 이루어지고 있습니다.',
        '2024-01-24 10:00:00',
        30,
        1400,
        false,
        NOW(),
        '660e8400-e29b-41d4-a716-446655440002'
    );

-- 더미 기사 조회 데이터
INSERT INTO
    article_views (
        id,
        viewed_at,
        user_id,
        article_id
    )
VALUES (
        'aa0e8400-e29b-41d4-a716-446655440001',
        NOW(),
        '550e8400-e29b-41d4-a716-446655440001',
        '990e8400-e29b-41d4-a716-446655440001'
    ),
    (
        'aa0e8400-e29b-41d4-a716-446655440002',
        NOW(),
        '550e8400-e29b-41d4-a716-446655440001',
        '990e8400-e29b-41d4-a716-446655440002'
    ),
    (
        'aa0e8400-e29b-41d4-a716-446655440003',
        NOW(),
        '550e8400-e29b-41d4-a716-446655440002',
        '990e8400-e29b-41d4-a716-446655440003'
    ),
    (
        'aa0e8400-e29b-41d4-a716-446655440004',
        NOW(),
        '550e8400-e29b-41d4-a716-446655440002',
        '990e8400-e29b-41d4-a716-446655440004'
    ),
    (
        'aa0e8400-e29b-41d4-a716-446655440005',
        NOW(),
        '550e8400-e29b-41d4-a716-446655440003',
        '990e8400-e29b-41d4-a716-446655440005'
    ),
    (
        'aa0e8400-e29b-41d4-a716-446655440006',
        NOW(),
        '550e8400-e29b-41d4-a716-446655440003',
        '990e8400-e29b-41d4-a716-446655440006'
    ),
    (
        'aa0e8400-e29b-41d4-a716-446655440007',
        NOW(),
        '550e8400-e29b-41d4-a716-446655440004',
        '990e8400-e29b-41d4-a716-446655440007'
    ),
    (
        'aa0e8400-e29b-41d4-a716-446655440008',
        NOW(),
        '550e8400-e29b-41d4-a716-446655440004',
        '990e8400-e29b-41d4-a716-446655440008'
    ),
    (
        'aa0e8400-e29b-41d4-a716-446655440009',
        NOW(),
        '550e8400-e29b-41d4-a716-446655440005',
        '990e8400-e29b-41d4-a716-446655440009'
    ),
    (
        'aa0e8400-e29b-41d4-a716-446655440010',
        NOW(),
        '550e8400-e29b-41d4-a716-446655440005',
        '990e8400-e29b-41d4-a716-446655440010'
    );

-- 더미 댓글 데이터
INSERT INTO
    comments (
        id,
        user_nickname,
        content,
        like_count,
        liked_by_me,
        created_at,
        updated_at,
        is_deleted,
        article_id,
        user_id
    )
VALUES (
        'bb0e8400-e29b-41d4-a716-446655440001',
        '김철수',
        '정말 흥미로운 기사네요! AI 기술의 발전이 정말 놀랍습니다.',
        5,
        false,
        NOW(),
        NOW(),
        false,
        '990e8400-e29b-41d4-a716-446655440001',
        '550e8400-e29b-41d4-a716-446655440001'
    ),
    (
        'bb0e8400-e29b-41d4-a716-446655440002',
        '이영희',
        '주식시장 상황이 정말 복잡하네요. 신중한 투자가 필요할 것 같습니다.',
        3,
        false,
        NOW(),
        NOW(),
        false,
        '990e8400-e29b-41d4-a716-446655440002',
        '550e8400-e29b-41d4-a716-446655440002'
    ),
    (
        'bb0e8400-e29b-41d4-a716-446655440003',
        '박민수',
        '새로운 정책에 대한 의견이 분분하네요. 더 자세한 분석이 필요할 것 같습니다.',
        8,
        false,
        NOW(),
        NOW(),
        false,
        '990e8400-e29b-41d4-a716-446655440003',
        '550e8400-e29b-41d4-a716-446655440003'
    ),
    (
        'bb0e8400-e29b-41d4-a716-446655440004',
        '최지영',
        '축구 국가대표팀 화이팅! 월드컵에서 좋은 성적 기대합니다.',
        12,
        false,
        NOW(),
        NOW(),
        false,
        '990e8400-e29b-41d4-a716-446655440004',
        '550e8400-e29b-41d4-a716-446655440004'
    ),
    (
        'bb0e8400-e29b-41d4-a716-446655440005',
        '정현우',
        '영화가 정말 재미있었다고 하네요. 꼭 봐야겠습니다!',
        7,
        false,
        NOW(),
        NOW(),
        false,
        '990e8400-e29b-41d4-a716-446655440005',
        '550e8400-e29b-41d4-a716-446655440005'
    ),
    (
        'bb0e8400-e29b-41d4-a716-446655440006',
        '김철수',
        '의료기술 발전이 정말 놀랍네요. 많은 환자들에게 희망이 될 것 같습니다.',
        4,
        false,
        NOW(),
        NOW(),
        false,
        '990e8400-e29b-41d4-a716-446655440006',
        '550e8400-e29b-41d4-a716-446655440001'
    ),
    (
        'bb0e8400-e29b-41d4-a716-446655440007',
        '이영희',
        '대학교육 혁신이 정말 필요했던 것 같아요. 학생들이 더 좋은 교육을 받을 수 있을 것 같습니다.',
        6,
        false,
        NOW(),
        NOW(),
        false,
        '990e8400-e29b-41d4-a716-446655440007',
        '550e8400-e29b-41d4-a716-446655440002'
    ),
    (
        'bb0e8400-e29b-41d4-a716-446655440008',
        '박민수',
        '기후변화 대응이 정말 중요한 문제네요. 모두가 함께 노력해야 할 것 같습니다.',
        9,
        false,
        NOW(),
        NOW(),
        false,
        '990e8400-e29b-41d4-a716-446655440008',
        '550e8400-e29b-41d4-a716-446655440003'
    );

-- 더미 댓글 좋아요 데이터
INSERT INTO
    comment_likes (
        id,
        created_at,
        comment_id,
        liked_id
    )
VALUES (
        'cc0e8400-e29b-41d4-a716-446655440001',
        NOW(),
        'bb0e8400-e29b-41d4-a716-446655440001',
        '550e8400-e29b-41d4-a716-446655440002'
    ),
    (
        'cc0e8400-e29b-41d4-a716-446655440002',
        NOW(),
        'bb0e8400-e29b-41d4-a716-446655440001',
        '550e8400-e29b-41d4-a716-446655440003'
    ),
    (
        'cc0e8400-e29b-41d4-a716-446655440003',
        NOW(),
        'bb0e8400-e29b-41d4-a716-446655440002',
        '550e8400-e29b-41d4-a716-446655440001'
    ),
    (
        'cc0e8400-e29b-41d4-a716-446655440004',
        NOW(),
        'bb0e8400-e29b-41d4-a716-446655440003',
        '550e8400-e29b-41d4-a716-446655440004'
    ),
    (
        'cc0e8400-e29b-41d4-a716-446655440005',
        NOW(),
        'bb0e8400-e29b-41d4-a716-446655440004',
        '550e8400-e29b-41d4-a716-446655440005'
    ),
    (
        'cc0e8400-e29b-41d4-a716-446655440006',
        NOW(),
        'bb0e8400-e29b-41d4-a716-446655440005',
        '550e8400-e29b-41d4-a716-446655440001'
    ),
    (
        'cc0e8400-e29b-41d4-a716-446655440007',
        NOW(),
        'bb0e8400-e29b-41d4-a716-446655440006',
        '550e8400-e29b-41d4-a716-446655440002'
    ),
    (
        'cc0e8400-e29b-41d4-a716-446655440008',
        NOW(),
        'bb0e8400-e29b-41d4-a716-446655440007',
        '550e8400-e29b-41d4-a716-446655440003'
    );

-- 더미 알림 데이터
INSERT INTO
    notifications (
        id,
        content,
        resource_id,
        resource_type,
        confirmed,
        created_at,
        updated_at,
        user_id
    )
VALUES (
        'dd0e8400-e29b-41d4-a716-446655440001',
        '새로운 기사가 등록되었습니다: AI 기술의 혁신적 발전',
        '990e8400-e29b-41d4-a716-446655440001',
        'Article',
        false,
        NOW(),
        NOW(),
        '550e8400-e29b-41d4-a716-446655440001'
    ),
    (
        'dd0e8400-e29b-41d4-a716-446655440002',
        '새로운 기사가 등록되었습니다: 주식시장 급등락',
        '990e8400-e29b-41d4-a716-446655440002',
        'Article',
        false,
        NOW(),
        NOW(),
        '550e8400-e29b-41d4-a716-446655440001'
    ),
    (
        'dd0e8400-e29b-41d4-a716-446655440003',
        '새로운 댓글이 작성되었습니다',
        'bb0e8400-e29b-41d4-a716-446655440001',
        'Comment',
        false,
        NOW(),
        NOW(),
        '550e8400-e29b-41d4-a716-446655440002'
    ),
    (
        'dd0e8400-e29b-41d4-a716-446655440004',
        '새로운 기사가 등록되었습니다: 새로운 정책 발표',
        '990e8400-e29b-41d4-a716-446655440003',
        'Article',
        false,
        NOW(),
        NOW(),
        '550e8400-e29b-41d4-a716-446655440002'
    ),
    (
        'dd0e8400-e29b-41d4-a716-446655440005',
        '새로운 기사가 등록되었습니다: 축구 국가대표팀 승리',
        '990e8400-e29b-41d4-a716-446655440004',
        'Article',
        false,
        NOW(),
        NOW(),
        '550e8400-e29b-41d4-a716-446655440003'
    );